Overall,Potential,Age,TotalStats,BaseStats,Pace Total,Shooting Total,Passing Total,Dribbling Total,Defending Total,Physicality Total
16478.0,16478.0,16478.0,16478.0,16478.0,16478.0,16478.0,16478.0,16478.0,16478.0,16478.0
66.0270057045758,71.16955941255007,25.132965165675447,1672.077800703969,358.31660395679086,68.39810656633087,52.64267508192742,57.5265202087632,62.75245782255128,52.0270057045758,64.96983857264232
6.6748815695893935,6.17349578369149,4.6038928020288425,193.13334622801148,39.29180632927416,10.922654860639009,13.808446150793877,9.86008174575964,9.441660130142395,16.11069800424493,9.71402092081948
47.0,48.0,16.0,1062.0,224.0,28.0,16.0,25.0,28.0,15.0,30.0
62.0,67.0,21.0,1533.0,331.0,62.0,42.0,51.0,57.0,38.0,59.0
66.0,71.0,25.0,1671.0,359.0,69.0,55.0,58.0,64.0,57.0,66.0
70.0,75.0,28.0,1803.0,385.0,76.0,63.0,64.0,69.0,64.0,72.0
91.0,95.0,41.0,2312.0,492.0,97.0,92.0,93.0,94.0,91.0,90.0
